Date,open,high,low,close,tick_volume
2022-12-30 07:00:00,1.0655000000000001,1.0657,1.06542,1.06552,276
2022-12-30 07:15:00,1.06551,1.06567,1.06549,1.0656,386
2022-12-30 07:30:00,1.06559,1.06579,1.0655000000000001,1.06573,509
2022-12-30 07:45:00,1.06572,1.06576,1.0642,1.06433,1042
2022-12-30 08:00:00,1.06432,1.06497,1.06405,1.06471,935
2022-12-30 08:15:00,1.06475,1.06503,1.06426,1.0642800000000001,678
2022-12-30 08:30:00,1.06427,1.06436,1.06404,1.0642,729
2022-12-30 08:45:00,1.06419,1.06476,1.06407,1.06444,774
2022-12-30 09:00:00,1.06444,1.06486,1.06419,1.06465,717
2022-12-30 09:15:00,1.06466,1.06493,1.06417,1.06422,509
2022-12-30 09:30:00,1.06419,1.06445,1.06386,1.06424,931
2022-12-30 09:45:00,1.06424,1.06511,1.06389,1.06508,1440
2022-12-30 10:00:00,1.06509,1.06641,1.06499,1.06604,1896
2022-12-30 10:15:00,1.06601,1.06638,1.06556,1.06595,1720
2022-12-30 10:30:00,1.0659399999999999,1.06694,1.0659399999999999,1.06689,1344
2022-12-30 10:45:00,1.06692,1.06747,1.0669,1.06708,1393
2022-12-30 11:00:00,1.06707,1.06715,1.06635,1.06688,1324
2022-12-30 11:15:00,1.06689,1.0669,1.06568,1.06571,1411
2022-12-30 11:30:00,1.0657,1.06621,1.06512,1.06608,1245
2022-12-30 11:45:00,1.06609,1.0666,1.06535,1.06546,1396
2022-12-30 12:00:00,1.06548,1.0668,1.0653299999999999,1.06622,1272
2022-12-30 12:15:00,1.06623,1.06686,1.06614,1.06685,986
2022-12-30 12:30:00,1.06685,1.06745,1.06643,1.06734,1117
2022-12-30 12:45:00,1.06734,1.06763,1.06681,1.06696,1110
2022-12-30 13:00:00,1.06696,1.06817,1.06696,1.06809,1097
2022-12-30 13:15:00,1.0681,1.06894,1.0681,1.06885,1068
2022-12-30 13:30:00,1.06882,1.06987,1.06864,1.06936,1349
2022-12-30 13:45:00,1.06936,1.06977,1.06752,1.06761,1792
2022-12-30 14:00:00,1.06761,1.06785,1.06717,1.06776,1450
2022-12-30 14:15:00,1.06776,1.06813,1.06751,1.06784,1222
2022-12-30 14:30:00,1.06782,1.06876,1.0678,1.06873,1167
2022-12-30 14:45:00,1.06873,1.06881,1.06712,1.06722,1730
2022-12-30 15:00:00,1.06721,1.06804,1.06641,1.06651,1596
2022-12-30 15:15:00,1.06651,1.06675,1.0647,1.06488,2158
2022-12-30 15:30:00,1.06488,1.06653,1.0645,1.06622,1911
2022-12-30 15:45:00,1.06622,1.06698,1.06587,1.06684,1612
2022-12-30 16:00:00,1.06685,1.0678,1.06644,1.06678,2139
2022-12-30 16:15:00,1.06679,1.06791,1.06614,1.06762,1754
2022-12-30 16:30:00,1.06762,1.07012,1.06728,1.06913,3410
2022-12-30 16:45:00,1.06913,1.06947,1.06734,1.06886,3770
2022-12-30 17:00:00,1.06885,1.06898,1.0673300000000001,1.06842,3049
2022-12-30 17:15:00,1.06841,1.06854,1.06703,1.06744,2688
2022-12-30 17:30:00,1.06745,1.06858,1.06693,1.06789,2873
2022-12-30 17:45:00,1.06789,1.0679,1.06593,1.06723,4095
2022-12-30 18:00:00,1.06723,1.0682,1.06707,1.0673300000000001,3178
2022-12-30 18:15:00,1.06732,1.0688900000000001,1.06732,1.06846,1935
2022-12-30 18:30:00,1.06845,1.06868,1.06809,1.06841,1458
2022-12-30 18:45:00,1.06841,1.06972,1.06836,1.06966,1388
2022-12-30 19:00:00,1.06966,1.07076,1.06962,1.07024,1691
2022-12-30 19:15:00,1.07024,1.07044,1.06998,1.07018,1335
2022-12-30 19:30:00,1.07019,1.07108,1.07017,1.07069,1661
2022-12-30 19:45:00,1.07067,1.07115,1.07043,1.07105,2070
2022-12-30 20:00:00,1.07112,1.07112,1.0704,1.07058,2997
2022-12-30 20:15:00,1.07058,1.07073,1.07004,1.07069,2025
2022-12-30 20:30:00,1.07069,1.07123,1.07041,1.07104,1931
2022-12-30 20:45:00,1.07108,1.0713300000000001,1.07022,1.07023,1677
2022-12-30 21:00:00,1.0701,1.0702099999999999,1.06947,1.06981,1193
2022-12-30 21:15:00,1.06979,1.06996,1.06944,1.06983,1086
2022-12-30 21:30:00,1.06984,1.0706,1.06978,1.07055,1167
2022-12-30 21:45:00,1.07056,1.07087,1.06988,1.06991,1288
2022-12-30 22:00:00,1.0699,1.06999,1.06916,1.06984,1482
2022-12-30 22:15:00,1.06984,1.07025,1.06984,1.0702099999999999,1220
2022-12-30 22:30:00,1.07022,1.07066,1.06997,1.07017,781
2022-12-30 22:45:00,1.07018,1.07075,1.07013,1.07047,1411
2022-12-30 23:00:00,1.07048,1.07066,1.07017,1.07029,645
2022-12-30 23:15:00,1.07029,1.07041,1.06997,1.07036,346
2022-12-30 23:30:00,1.07037,1.07037,1.07009,1.07018,429
2022-12-30 23:45:00,1.07017,1.07023,1.06962,1.06976,443
2023-01-02 07:00:00,1.07016,1.07017,1.06909,1.06972,20
2023-01-02 07:15:00,1.06969,1.06979,1.0693,1.06938,15
2023-01-02 07:30:00,1.06929,1.06969,1.06929,1.06951,164
2023-01-02 07:45:00,1.06951,1.07001,1.06945,1.06967,141
2023-01-02 08:00:00,1.06971,1.06989,1.06936,1.06952,88
2023-01-02 08:15:00,1.06951,1.0695999999999999,1.06937,1.06941,166
2023-01-02 08:30:00,1.06939,1.06977,1.06938,1.06948,179
2023-01-02 08:45:00,1.0695000000000001,1.06955,1.06754,1.06935,121
2023-01-02 09:00:00,1.06916,1.0692,1.06812,1.06844,73
2023-01-02 09:15:00,1.06846,1.06868,1.06767,1.0681,86
2023-01-02 09:30:00,1.0679400000000001,1.06851,1.06793,1.06813,245
2023-01-02 09:45:00,1.06813,1.06833,1.06636,1.06791,479
2023-01-02 10:00:00,1.06791,1.06808,1.06713,1.06754,813
2023-01-02 10:15:00,1.0676,1.06773,1.06738,1.06764,333
2023-01-02 10:30:00,1.06761,1.0688,1.06748,1.06804,475
2023-01-02 10:45:00,1.06804,1.0698,1.06782,1.06788,543
2023-01-02 11:00:00,1.06789,1.07005,1.06788,1.06867,419
2023-01-02 11:15:00,1.06868,1.06869,1.06804,1.0684,1085
2023-01-02 11:30:00,1.06839,1.06848,1.06821,1.06826,226
2023-01-02 11:45:00,1.06827,1.06837,1.06769,1.06784,459
2023-01-02 12:00:00,1.06788,1.06854,1.06779,1.06846,202
2023-01-02 12:15:00,1.06846,1.06898,1.0682,1.06822,239
2023-01-02 12:30:00,1.06822,1.06872,1.06749,1.06771,174
2023-01-02 12:45:00,1.06778,1.06836,1.06763,1.06836,166
2023-01-02 13:00:00,1.06836,1.06854,1.06804,1.06848,193
2023-01-02 13:15:00,1.06848,1.0685,1.0681,1.06822,136
2023-01-02 13:30:00,1.06825,1.06858,1.06817,1.06847,106
2023-01-02 13:45:00,1.06847,1.06866,1.06814,1.06846,167
2023-01-02 14:00:00,1.06845,1.06871,1.06783,1.0686,137
2023-01-02 14:15:00,1.06865,1.06868,1.06784,1.0684,245
2023-01-02 14:30:00,1.06839,1.0687,1.06797,1.06833,273
2023-01-02 14:45:00,1.06833,1.06861,1.06803,1.0682,230
2023-01-02 15:00:00,1.06821,1.06853,1.06799,1.06824,258
2023-01-02 15:15:00,1.06824,1.06863,1.0679400000000001,1.06839,312
2023-01-02 15:30:00,1.06839,1.06851,1.0682,1.06839,197
2023-01-02 15:45:00,1.06839,1.06844,1.0677699999999999,1.06788,189
2023-01-02 16:00:00,1.06787,1.06817,1.06786,1.06812,339
2023-01-02 16:15:00,1.06812,1.06819,1.06797,1.06809,205
2023-01-02 16:30:00,1.06814,1.06817,1.0679400000000001,1.06802,154
2023-01-02 16:45:00,1.06802,1.06804,1.06703,1.06725,405
2023-01-02 17:00:00,1.06724,1.0674,1.06699,1.06727,478
2023-01-02 17:15:00,1.06726,1.0673,1.06649,1.06664,338
2023-01-02 17:30:00,1.06664,1.06686,1.06654,1.06663,445
2023-01-02 17:45:00,1.06662,1.06682,1.06585,1.06603,408
2023-01-02 18:00:00,1.06602,1.06696,1.06592,1.06688,598
2023-01-02 18:15:00,1.06687,1.06687,1.06534,1.06537,387
2023-01-02 18:30:00,1.06536,1.06559,1.06523,1.06542,257
2023-01-02 18:45:00,1.0654,1.06572,1.0651,1.06554,268
2023-01-02 19:00:00,1.06549,1.06621,1.06544,1.06595,240
2023-01-02 19:15:00,1.0659399999999999,1.06606,1.06584,1.06599,166
2023-01-02 19:30:00,1.06598,1.0661,1.06593,1.06603,184
2023-01-02 19:45:00,1.06605,1.06613,1.06592,1.06607,154
2023-01-02 20:00:00,1.06604,1.0661100000000001,1.06557,1.06564,260
2023-01-02 20:15:00,1.06564,1.06572,1.06529,1.0653,192
2023-01-02 20:30:00,1.06524,1.06546,1.06522,1.06528,186
2023-01-02 20:45:00,1.06528,1.06531,1.06522,1.06526,65
2023-01-02 21:00:00,1.06525,1.06531,1.06507,1.06521,131
2023-01-02 21:15:00,1.06523,1.06539,1.06499,1.0653,133
2023-01-02 21:30:00,1.0653299999999999,1.06536,1.06514,1.06532,117
2023-01-02 21:45:00,1.06537,1.06577,1.06525,1.06574,123
2023-01-02 22:00:00,1.06575,1.06638,1.06559,1.06587,161
2023-01-02 22:15:00,1.06606,1.06624,1.06584,1.06596,66
2023-01-02 22:30:00,1.06612,1.0667200000000001,1.06597,1.06639,123
2023-01-02 22:45:00,1.06641,1.06685,1.06639,1.0667,296
2023-01-02 23:00:00,1.06651,1.06727,1.06646,1.06685,117
2023-01-02 23:15:00,1.06683,1.06699,1.06666,1.06668,78
2023-01-02 23:30:00,1.06669,1.0668,1.0661,1.06652,166
2023-01-02 23:45:00,1.06659,1.06685,1.0658,1.06665,147
2023-01-03 00:00:00,1.06642,1.0665,1.06631,1.06644,49
2023-01-03 00:15:00,1.06643,1.06651,1.06643,1.06646,42
2023-01-03 00:30:00,1.06646,1.06651,1.06632,1.06635,60
2023-01-03 00:45:00,1.06634,1.06652,1.06628,1.06648,62
2023-01-03 01:00:00,1.0665499999999999,1.0683,1.06625,1.0663,668
2023-01-03 01:15:00,1.06632,1.06662,1.06493,1.06636,1073
2023-01-03 01:30:00,1.06636,1.06738,1.06632,1.06705,750
2023-01-03 01:45:00,1.06702,1.06773,1.06684,1.06762,581
2023-01-03 02:00:00,1.06762,1.06781,1.06717,1.06757,805
2023-01-03 02:15:00,1.06758,1.06758,1.06665,1.06687,748
2023-01-03 02:30:00,1.06684,1.06749,1.06679,1.06735,561
2023-01-03 02:45:00,1.0673300000000001,1.06746,1.067,1.06706,413
2023-01-03 03:00:00,1.06705,1.06709,1.06592,1.06687,1310
2023-01-03 03:15:00,1.06687,1.06742,1.06547,1.06561,1178
2023-01-03 03:30:00,1.06561,1.06598,1.06508,1.06522,1448
2023-01-03 03:45:00,1.06522,1.06597,1.06503,1.06597,927
2023-01-03 04:00:00,1.06596,1.06631,1.06575,1.06614,763
2023-01-03 04:15:00,1.0661100000000001,1.06675,1.06595,1.06664,838
2023-01-03 04:30:00,1.06661,1.06732,1.06657,1.06731,1167
2023-01-03 04:45:00,1.06736,1.06778,1.06717,1.06766,1061
2023-01-03 05:00:00,1.06765,1.06784,1.06725,1.06726,930
2023-01-03 05:15:00,1.06728,1.06757,1.06687,1.06719,854
2023-01-03 05:30:00,1.0672,1.06759,1.06715,1.06752,568
2023-01-03 05:45:00,1.06752,1.06762,1.06707,1.06724,507
2023-01-03 06:00:00,1.06724,1.06791,1.06704,1.06776,566
2023-01-03 06:15:00,1.06779,1.06801,1.06752,1.06782,425
2023-01-03 06:30:00,1.06785,1.06802,1.06768,1.06774,491
2023-01-03 06:45:00,1.06779,1.06781,1.06668,1.0667,546
2023-01-03 07:00:00,1.0667,1.06709,1.06668,1.06679,543
2023-01-03 07:15:00,1.06678,1.06698,1.06597,1.06632,940
2023-01-03 07:30:00,1.06631,1.06651,1.06588,1.06649,910
2023-01-03 07:45:00,1.06648,1.06659,1.06607,1.06637,934
2023-01-03 08:00:00,1.06637,1.06677,1.06624,1.06676,1032
2023-01-03 08:15:00,1.06674,1.06676,1.06603,1.06626,863
2023-01-03 08:30:00,1.06626,1.06628,1.0654,1.06561,1322
2023-01-03 08:45:00,1.06561,1.06584,1.06516,1.06522,999
2023-01-03 09:00:00,1.06523,1.06573,1.06501,1.06519,1412
2023-01-03 09:15:00,1.06522,1.06573,1.06517,1.0657,1497
2023-01-03 09:30:00,1.0657,1.06588,1.06539,1.0654,1356
2023-01-03 09:45:00,1.06542,1.06554,1.06198,1.06234,2724
2023-01-03 10:00:00,1.06234,1.06284,1.05861,1.05878,3931
2023-01-03 10:15:00,1.05878,1.05896,1.05694,1.05762,3560
2023-01-03 10:30:00,1.05759,1.05798,1.05571,1.05683,3189
2023-01-03 10:45:00,1.05683,1.05713,1.05505,1.0552,2348
2023-01-03 11:00:00,1.0552,1.05543,1.05339,1.05441,3064
2023-01-03 11:15:00,1.05441,1.05485,1.05384,1.05481,2376
2023-01-03 11:30:00,1.05482,1.05611,1.05478,1.05543,2365
2023-01-03 11:45:00,1.05543,1.05582,1.05434,1.05476,2091
2023-01-03 12:00:00,1.05479,1.05551,1.05443,1.05502,1769
2023-01-03 12:15:00,1.05502,1.05519,1.0535,1.05377,2001
2023-01-03 12:30:00,1.05377,1.05458,1.05334,1.05371,1761
2023-01-03 12:45:00,1.05372,1.05425,1.05252,1.05311,1652
2023-01-03 13:00:00,1.05312,1.0533,1.05252,1.05276,1373
2023-01-03 13:15:00,1.05276,1.05296,1.05196,1.05266,1724
2023-01-03 13:30:00,1.05265,1.0536,1.05254,1.0532,1446
2023-01-03 13:45:00,1.05319,1.05354,1.05267,1.05285,1579
2023-01-03 14:00:00,1.05284,1.05335,1.0524,1.05331,1741
2023-01-03 14:15:00,1.0533,1.05402,1.05309,1.05399,1503
2023-01-03 14:30:00,1.054,1.05492,1.0539,1.05467,1284
2023-01-03 14:45:00,1.05467,1.05469,1.05348,1.05357,1686
2023-01-03 15:00:00,1.05356,1.0546,1.05305,1.0545,2372
2023-01-03 15:15:00,1.05448,1.05598,1.0543,1.05556,2131
2023-01-03 15:30:00,1.05557,1.05676,1.05539,1.05668,2228
2023-01-03 15:45:00,1.05668,1.057,1.05571,1.05604,1792
2023-01-03 16:00:00,1.05604,1.05746,1.05554,1.05743,1799
2023-01-03 16:15:00,1.05744,1.05744,1.05612,1.05715,1744
2023-01-03 16:30:00,1.05717,1.05974,1.0567,1.05907,3109
2023-01-03 16:45:00,1.05909,1.05909,1.05739,1.05743,3573
2023-01-03 17:00:00,1.05747,1.05789,1.05648,1.05704,3314
2023-01-03 17:15:00,1.05707,1.05822,1.05661,1.05689,2840
2023-01-03 17:30:00,1.05689,1.05728,1.05625,1.05651,2680
2023-01-03 17:45:00,1.05651,1.05722,1.05543,1.05555,3136
2023-01-03 18:00:00,1.05554,1.05566,1.05372,1.05443,2746
2023-01-03 18:15:00,1.05442,1.05552,1.05402,1.05552,2143
2023-01-03 18:30:00,1.05551,1.05554,1.054,1.05448,2416
2023-01-03 18:45:00,1.05448,1.0559,1.05401,1.05581,2053
2023-01-03 19:00:00,1.05582,1.05593,1.0554,1.05564,1727
2023-01-03 19:15:00,1.05566,1.05587,1.05502,1.05523,1406
2023-01-03 19:30:00,1.05523,1.0554,1.05455,1.05484,1258
2023-01-03 19:45:00,1.05484,1.05493,1.05403,1.05461,1278
2023-01-03 20:00:00,1.05463,1.05494,1.05434,1.05474,1131
2023-01-03 20:15:00,1.05474,1.05568,1.05433,1.05563,1203
2023-01-03 20:30:00,1.05563,1.05609,1.05535,1.05603,1122
2023-01-03 20:45:00,1.05601,1.05605,1.05547,1.05567,931
2023-01-03 21:00:00,1.05567,1.05593,1.05552,1.0559,1188
2023-01-03 21:15:00,1.05592,1.0562,1.05568,1.05616,1071
2023-01-03 21:30:00,1.05616,1.05636,1.05586,1.05627,1045
2023-01-03 21:45:00,1.05631,1.05686,1.05629,1.05665,2096
2023-01-03 22:00:00,1.05668,1.05675,1.05605,1.05669,1828
2023-01-03 22:15:00,1.05669,1.05689,1.05563,1.05614,1404
2023-01-03 22:30:00,1.05614,1.05641,1.05549,1.0555,1010
2023-01-03 22:45:00,1.0555,1.05576,1.05505,1.05516,1176
2023-01-03 23:00:00,1.05517,1.05535,1.05494,1.05525,468
2023-01-03 23:15:00,1.05525,1.0554,1.05474,1.05498,498
2023-01-03 23:30:00,1.05498,1.05513,1.05463,1.05479,333
2023-01-03 23:45:00,1.05479,1.05498,1.05459,1.0547,586
2023-01-04 00:00:00,1.05465,1.05465,1.05445,1.0546,49
2023-01-04 00:15:00,1.05455,1.05469,1.0543,1.0546,64
2023-01-04 00:30:00,1.0546,1.05471,1.05428,1.05465,2970
2023-01-04 00:45:00,1.05459,1.0547,1.05441,1.05462,620
2023-01-04 01:00:00,1.05462,1.05539,1.05451,1.05504,1056
2023-01-04 01:15:00,1.05504,1.05512,1.05402,1.05444,1008
2023-01-04 01:30:00,1.05439,1.05471,1.0542,1.05427,809
2023-01-04 01:45:00,1.05427,1.05477,1.05416,1.05455,511
2023-01-04 02:00:00,1.05455,1.05566,1.05453,1.05552,949
2023-01-04 02:15:00,1.05556,1.05574,1.05541,1.05559,449
2023-01-04 02:30:00,1.05559,1.05597,1.05556,1.05586,457
2023-01-04 02:45:00,1.05586,1.05612,1.05566,1.05579,519
2023-01-04 03:00:00,1.05583,1.05637,1.05569,1.056,749
2023-01-04 03:15:00,1.05601,1.05656,1.05601,1.05616,626
2023-01-04 03:30:00,1.05616,1.05689,1.05605,1.0565,646
2023-01-04 03:45:00,1.05653,1.05691,1.05631,1.05667,950
2023-01-04 04:00:00,1.05667,1.05692,1.05655,1.05681,686
2023-01-04 04:15:00,1.05678,1.05687,1.0564,1.05674,568
2023-01-04 04:30:00,1.05674,1.05694,1.0563,1.05646,462
2023-01-04 04:45:00,1.05646,1.0566,1.05612,1.05646,526
2023-01-04 05:00:00,1.0565,1.05687,1.05646,1.05681,505
2023-01-04 05:15:00,1.05681,1.05691,1.05664,1.05678,337
2023-01-04 05:30:00,1.05675,1.05687,1.05667,1.05677,324
2023-01-04 05:45:00,1.05674,1.05698,1.05667,1.05686,453
2023-01-04 06:00:00,1.05687,1.05698,1.0567,1.05674,342
2023-01-04 06:15:00,1.05674,1.05684,1.05656,1.0567,486
2023-01-04 06:30:00,1.05669,1.05684,1.05659,1.05684,352
2023-01-04 06:45:00,1.05687,1.05743,1.05663,1.05729,790
2023-01-04 07:00:00,1.05725,1.0578400000000001,1.05692,1.05703,1089
2023-01-04 07:15:00,1.05704,1.05721,1.05663,1.05682,655
2023-01-04 07:30:00,1.05685,1.0569,1.05647,1.05682,708
2023-01-04 07:45:00,1.05685,1.05712,1.05664,1.05693,580
2023-01-04 08:00:00,1.05693,1.05735,1.05665,1.05726,672
2023-01-04 08:15:00,1.05727,1.0575,1.05704,1.05734,460
2023-01-04 08:30:00,1.05731,1.05731,1.05594,1.05651,610
2023-01-04 08:45:00,1.05651,1.05733,1.05646,1.05701,835
2023-01-04 09:00:00,1.05692,1.05811,1.0567,1.05774,1762
2023-01-04 09:15:00,1.05774,1.05862,1.05746,1.05849,1357
2023-01-04 09:30:00,1.05849,1.06058,1.05846,1.06044,1976
2023-01-04 09:45:00,1.06046,1.06051,1.05882,1.05937,2751
2023-01-04 10:00:00,1.05936,1.06278,1.05903,1.06263,3366
2023-01-04 10:15:00,1.06261,1.06309,1.06147,1.06216,3319
2023-01-04 10:30:00,1.06216,1.06354,1.06095,1.061,2952
2023-01-04 10:45:00,1.06099,1.06247,1.06078,1.0616,2458
2023-01-04 11:00:00,1.06155,1.06173,1.06056,1.06103,2392
2023-01-04 11:15:00,1.06102,1.06262,1.06101,1.06254,1746
2023-01-04 11:30:00,1.0625499999999999,1.06301,1.06143,1.06149,1872
2023-01-04 11:45:00,1.06148,1.06221,1.06108,1.06109,1599
2023-01-04 12:00:00,1.06109,1.06163,1.06085,1.06154,1307
2023-01-04 12:15:00,1.06153,1.06198,1.06109,1.06149,1388
2023-01-04 12:30:00,1.06149,1.06205,1.06149,1.06172,1381
2023-01-04 12:45:00,1.06173,1.06229,1.06161,1.06207,1486
2023-01-04 13:00:00,1.06207,1.06244,1.06171,1.06229,1345
2023-01-04 13:15:00,1.06229,1.06233,1.06102,1.06113,1056
2023-01-04 13:30:00,1.06113,1.06117,1.06051,1.06053,1314
2023-01-04 13:45:00,1.06051,1.06087,1.06023,1.06045,1227
2023-01-04 14:00:00,1.06045,1.06104,1.06007,1.0609,1394
2023-01-04 14:15:00,1.06091,1.06112,1.06027,1.06035,1404
2023-01-04 14:30:00,1.06034,1.06098,1.05998,1.0607,1549
2023-01-04 14:45:00,1.06071,1.06101,1.05987,1.06071,1469
2023-01-04 15:00:00,1.06075,1.06101,1.05978,1.05978,1877
2023-01-04 15:15:00,1.05977,1.06144,1.05949,1.06136,2120
2023-01-04 15:30:00,1.06136,1.06197,1.06119,1.06143,1939
2023-01-04 15:45:00,1.06143,1.06173,1.06084,1.06105,1992
2023-01-04 16:00:00,1.06106,1.0615,1.06023,1.06149,2314
2023-01-04 16:15:00,1.06149,1.06187,1.06119,1.06124,2092
2023-01-04 16:30:00,1.06122,1.06194,1.06083,1.06109,2943
2023-01-04 16:45:00,1.06108,1.06286,1.06052,1.06243,2632
2023-01-04 17:00:00,1.06239,1.06251,1.05823,1.0588899999999999,5120
2023-01-04 17:15:00,1.05888,1.05987,1.05812,1.05984,3830
2023-01-04 17:30:00,1.05984,1.05997,1.0585,1.05959,3388
2023-01-04 17:45:00,1.05958,1.0608,1.05949,1.06034,3408
2023-01-04 18:00:00,1.06034,1.06074,1.05928,1.0601,2584
2023-01-04 18:15:00,1.06013,1.06109,1.05976,1.06079,2336
2023-01-04 18:30:00,1.06079,1.06146,1.06041,1.06134,2320
2023-01-04 18:45:00,1.06134,1.06208,1.06123,1.06191,2084
2023-01-04 19:00:00,1.06194,1.06201,1.06149,1.06153,1540
2023-01-04 19:15:00,1.06153,1.0616,1.06076,1.06096,1350
2023-01-04 19:30:00,1.06096,1.06177,1.06083,1.06171,1153
2023-01-04 19:45:00,1.06171,1.06172,1.06048,1.06074,1538
2023-01-04 20:00:00,1.06074,1.06129,1.06059,1.06076,1417
2023-01-04 20:15:00,1.06076,1.06108,1.05991,1.05996,1002
2023-01-04 20:30:00,1.05996,1.06007,1.05956,1.05972,912
2023-01-04 20:45:00,1.05972,1.06052,1.05962,1.05991,1306
2023-01-04 21:00:00,1.05992,1.06036,1.05851,1.05987,4416
2023-01-04 21:15:00,1.05987,1.06068,1.05963,1.05979,2920
2023-01-04 21:30:00,1.05979,1.06052,1.0596700000000001,1.06003,2311
2023-01-04 21:45:00,1.06003,1.06068,1.05996,1.06056,1937
2023-01-04 22:00:00,1.06056,1.06066,1.06015,1.06042,1933
2023-01-04 22:15:00,1.06039,1.06103,1.06017,1.06052,1664
2023-01-04 22:30:00,1.06051,1.06077,1.06031,1.06036,1663
2023-01-04 22:45:00,1.06037,1.06087,1.06012,1.06035,1247
2023-01-04 23:00:00,1.06039,1.06067,1.0601,1.06059,536
2023-01-04 23:15:00,1.06059,1.06082,1.06058,1.06063,268
2023-01-04 23:30:00,1.06059,1.06077,1.06048,1.06048,303
2023-01-04 23:45:00,1.06048,1.06052,1.06017,1.0603,514
2023-01-05 00:00:00,1.06015,1.06047,1.05984,1.0599,49
2023-01-05 00:15:00,1.0599,1.06022,1.05973,1.06005,49
2023-01-05 00:30:00,1.06091,1.06091,1.06002,1.06037,566
2023-01-05 00:45:00,1.06027,1.06064,1.06022,1.0605,362
2023-01-05 01:00:00,1.06065,1.06082,1.06017,1.06045,541
2023-01-05 01:15:00,1.06047,1.06066,1.0603,1.06049,691
2023-01-05 01:30:00,1.0605,1.06112,1.06045,1.06102,372
2023-01-05 01:45:00,1.06102,1.0611,1.06061,1.06061,173
2023-01-05 02:00:00,1.06056,1.06124,1.0603,1.06111,599
2023-01-05 02:15:00,1.06112,1.06261,1.06108,1.06261,827
2023-01-05 02:30:00,1.06265,1.06277,1.06175,1.06244,879
2023-01-05 02:45:00,1.06241,1.06311,1.06231,1.06289,1022
2023-01-05 03:00:00,1.06289,1.06315,1.0626,1.06284,1037
2023-01-05 03:15:00,1.06287,1.06292,1.06229,1.06233,833
2023-01-05 03:30:00,1.0623,1.06245,1.06184,1.0619,861
2023-01-05 03:45:00,1.0619,1.06239,1.06185,1.06204,700
2023-01-05 04:00:00,1.06202,1.06202,1.06104,1.06138,1061
2023-01-05 04:15:00,1.06136,1.06194,1.06092,1.061,642
2023-01-05 04:30:00,1.061,1.06162,1.06088,1.06152,761
2023-01-05 04:45:00,1.06152,1.06197,1.06135,1.06174,846
2023-01-05 05:00:00,1.06174,1.06193,1.06154,1.06184,738
2023-01-05 05:15:00,1.06184,1.06196,1.06114,1.06119,713
2023-01-05 05:30:00,1.06122,1.06142,1.06117,1.0612,593
2023-01-05 05:45:00,1.06121,1.06125,1.06061,1.06069,440
2023-01-05 06:00:00,1.06068,1.06114,1.0606,1.0606,539
2023-01-05 06:15:00,1.0606,1.06095,1.06058,1.06075,651
2023-01-05 06:30:00,1.06074,1.06104,1.06074,1.06084,527
2023-01-05 06:45:00,1.06084,1.06084,1.06036,1.06043,479
2023-01-05 07:00:00,1.06043,1.06068,1.0602800000000001,1.06044,742
2023-01-05 07:15:00,1.06044,1.06059,1.06017,1.06039,585
2023-01-05 07:30:00,1.06036,1.0608,1.06021,1.06064,613
2023-01-05 07:45:00,1.06064,1.06106,1.06054,1.06106,513
2023-01-05 08:00:00,1.06107,1.062,1.06087,1.06195,679
2023-01-05 08:15:00,1.06195,1.062,1.06107,1.06146,661
2023-01-05 08:30:00,1.06145,1.06161,1.06122,1.06138,552
2023-01-05 08:45:00,1.06136,1.06137,1.0602800000000001,1.06034,875
2023-01-05 09:00:00,1.06027,1.06095,1.06017,1.06071,1302
2023-01-05 09:15:00,1.0607,1.061,1.06039,1.06081,1165
2023-01-05 09:30:00,1.06079,1.06123,1.06,1.06006,1254
2023-01-05 09:45:00,1.06006,1.06064,1.05902,1.06055,1923
2023-01-05 10:00:00,1.06055,1.06189,1.06051,1.06104,2519
2023-01-05 10:15:00,1.06104,1.06279,1.06099,1.06196,2096
2023-01-05 10:30:00,1.06196,1.06259,1.06147,1.06178,2170
2023-01-05 10:45:00,1.06179,1.0625,1.06151,1.06202,1732
2023-01-05 11:00:00,1.062,1.06208,1.06096,1.06131,1391
2023-01-05 11:15:00,1.0613,1.06199,1.06122,1.06184,1391
2023-01-05 11:30:00,1.06184,1.06291,1.06184,1.06254,1469
2023-01-05 11:45:00,1.0625499999999999,1.06289,1.06179,1.06235,1396
2023-01-05 12:00:00,1.06238,1.0626,1.06162,1.06197,1434
2023-01-05 12:15:00,1.06196,1.06214,1.06166,1.06178,1136
2023-01-05 12:30:00,1.06178,1.06201,1.061,1.06164,1314
2023-01-05 12:45:00,1.06164,1.06188,1.06131,1.06187,1093
2023-01-05 13:00:00,1.06188,1.06221,1.06159,1.06162,1274
2023-01-05 13:15:00,1.06161,1.06173,1.06055,1.06055,1040
2023-01-05 13:30:00,1.06055,1.06125,1.06031,1.06089,1099
2023-01-05 13:45:00,1.06089,1.06143,1.06071,1.06111,988
2023-01-05 14:00:00,1.06111,1.06124,1.06049,1.06088,1127
2023-01-05 14:15:00,1.06086,1.06165,1.06073,1.06122,1215
2023-01-05 14:30:00,1.06122,1.06175,1.06103,1.06125,1191
2023-01-05 14:45:00,1.06125,1.06135,1.05982,1.05995,1470
2023-01-05 15:00:00,1.05995,1.06083,1.05983,1.0601,2018
2023-01-05 15:15:00,1.06008,1.06031,1.05781,1.058,3973
2023-01-05 15:30:00,1.058,1.05801,1.05621,1.05703,3637
2023-01-05 15:45:00,1.0570599999999999,1.0575,1.05514,1.05524,2865
2023-01-05 16:00:00,1.05524,1.05606,1.05471,1.05597,2796
2023-01-05 16:15:00,1.05595,1.05621,1.05487,1.05502,2570
2023-01-05 16:30:00,1.05505,1.05552,1.05443,1.05493,3345
2023-01-05 16:45:00,1.05493,1.05533,1.05358,1.05393,3045
2023-01-05 17:00:00,1.05393,1.05675,1.05269,1.05428,4137
2023-01-05 17:15:00,1.05429,1.05443,1.0524,1.05287,3298
2023-01-05 17:30:00,1.05287,1.05331,1.05172,1.05273,2823
2023-01-05 17:45:00,1.05273,1.05289,1.0515,1.05185,2773
2023-01-05 18:00:00,1.05185,1.05284,1.05173,1.05235,2448
2023-01-05 18:15:00,1.05233,1.05319,1.05207,1.05314,2127
2023-01-05 18:30:00,1.05313,1.0532,1.05178,1.052,2151
2023-01-05 18:45:00,1.05199,1.05237,1.05186,1.05211,1587
2023-01-05 19:00:00,1.05211,1.0527,1.05187,1.05228,1479
2023-01-05 19:15:00,1.05228,1.0532,1.05188,1.05272,1794
2023-01-05 19:30:00,1.05272,1.0531,1.05206,1.05304,1089
2023-01-05 19:45:00,1.05303,1.05333,1.05255,1.05299,1340
2023-01-05 20:00:00,1.05299,1.05333,1.05292,1.05321,1127
2023-01-05 20:15:00,1.05322,1.05433,1.05299,1.05372,2295
2023-01-05 20:30:00,1.05373,1.05432,1.05357,1.05374,1725
2023-01-05 20:45:00,1.05374,1.05397,1.05342,1.0536,1221
2023-01-05 21:00:00,1.05362,1.05387,1.05317,1.05338,1229
2023-01-05 21:15:00,1.05339,1.05386,1.0531,1.05318,1104
2023-01-05 21:30:00,1.05317,1.05353,1.05297,1.05337,1315
2023-01-05 21:45:00,1.05333,1.05356,1.0529,1.05302,1220
2023-01-05 22:00:00,1.05301,1.05307,1.05239,1.05256,1375
2023-01-05 22:15:00,1.05257,1.05269,1.05231,1.05242,1114
2023-01-05 22:30:00,1.05242,1.05259,1.05211,1.05221,1137
2023-01-05 22:45:00,1.05222,1.05257,1.0520100000000001,1.0520100000000001,1199
2023-01-05 23:00:00,1.0521,1.05229,1.05152,1.0518,758
2023-01-05 23:15:00,1.0518,1.05207,1.05172,1.05187,450
2023-01-05 23:30:00,1.05189,1.05212,1.05172,1.05204,330
2023-01-05 23:45:00,1.05205,1.05224,1.05188,1.05207,369
2023-01-06 00:00:00,1.05205,1.05215,1.05187,1.0520100000000001,40
2023-01-06 00:15:00,1.05188,1.05225,1.05185,1.05222,67
2023-01-06 00:30:00,1.05231,1.05232,1.05183,1.05185,834
2023-01-06 00:45:00,1.05193,1.05212,1.05178,1.05198,449
2023-01-06 01:00:00,1.05203,1.05237,1.05185,1.0523,521
2023-01-06 01:15:00,1.0523,1.05257,1.05227,1.05248,465
2023-01-06 01:30:00,1.05248,1.0525,1.05194,1.05212,319
2023-01-06 01:45:00,1.05213,1.05221,1.05203,1.05206,186
2023-01-06 02:00:00,1.05209,1.05217,1.05189,1.05203,1001
2023-01-06 02:15:00,1.05206,1.0525,1.0520100000000001,1.05242,648
2023-01-06 02:30:00,1.05243,1.05305,1.05243,1.05292,803
2023-01-06 02:45:00,1.05294,1.05312,1.05261,1.0529,696
2023-01-06 03:00:00,1.05292,1.05326,1.05254,1.05258,774
2023-01-06 03:15:00,1.05258,1.0527,1.0524,1.05255,642
2023-01-06 03:30:00,1.05254,1.05263,1.05225,1.05243,492
2023-01-06 03:45:00,1.0525,1.05266,1.05236,1.0525,435
2023-01-06 04:00:00,1.05251,1.05326,1.0525,1.05326,527
2023-01-06 04:15:00,1.05324,1.05338,1.05306,1.05309,384
2023-01-06 04:30:00,1.05308,1.05312,1.05277,1.05293,495
2023-01-06 04:45:00,1.05295,1.053,1.05257,1.05265,613
2023-01-06 05:00:00,1.05266,1.0536,1.05259,1.05345,1022
2023-01-06 05:15:00,1.05346,1.05362,1.05299,1.05332,596
2023-01-06 05:30:00,1.05329,1.05343,1.05294,1.05331,664
2023-01-06 05:45:00,1.05331,1.05362,1.05318,1.05321,452
2023-01-06 06:00:00,1.05317,1.05317,1.05274,1.05305,405
2023-01-06 06:15:00,1.05306,1.05345,1.05306,1.05312,287
2023-01-06 06:30:00,1.05311,1.05323,1.05284,1.05292,227
2023-01-06 06:45:00,1.05292,1.05296,1.05242,1.05243,254
2023-01-06 07:00:00,1.05244,1.05253,1.05178,1.05191,421
2023-01-06 07:15:00,1.0519,1.05203,1.05149,1.05156,398
2023-01-06 07:30:00,1.05156,1.05191,1.05142,1.0517,460
2023-01-06 07:45:00,1.05173,1.05173,1.05106,1.05143,1372
2023-01-06 08:00:00,1.05148,1.05212,1.05141,1.052,779
2023-01-06 08:15:00,1.052,1.05218,1.05172,1.05188,532
2023-01-06 08:30:00,1.05189,1.05224,1.05183,1.05206,617
2023-01-06 08:45:00,1.05208,1.05212,1.05104,1.05127,729
2023-01-06 09:00:00,1.05124,1.05227,1.05103,1.05145,1918
2023-01-06 09:15:00,1.05145,1.05158,1.05098,1.05142,1574
2023-01-06 09:30:00,1.05141,1.05193,1.05072,1.05167,1628
2023-01-06 09:45:00,1.05165,1.05217,1.05127,1.05127,1533
2023-01-06 10:00:00,1.05128,1.05298,1.05112,1.0522,2007
2023-01-06 10:15:00,1.05217,1.0531,1.05188,1.05188,1559
2023-01-06 10:30:00,1.05187,1.05246,1.05157,1.05238,1482
2023-01-06 10:45:00,1.05238,1.05266,1.05168,1.05186,1074
2023-01-06 11:00:00,1.05185,1.05196,1.05147,1.05153,1281
2023-01-06 11:15:00,1.05153,1.05174,1.04968,1.05076,1821
2023-01-06 11:30:00,1.05076,1.05159,1.05066,1.05067,1523
2023-01-06 11:45:00,1.05067,1.05092,1.05049,1.05075,1171
2023-01-06 12:00:00,1.05075,1.0516,1.05073,1.05136,1569
2023-01-06 12:15:00,1.05135,1.05157,1.05032,1.05046,1181
2023-01-06 12:30:00,1.05048,1.05161,1.05047,1.0514000000000001,1131
2023-01-06 12:45:00,1.0514000000000001,1.05156,1.05069,1.05077,1159
2023-01-06 13:00:00,1.05077,1.05113,1.05047,1.05065,1234
2023-01-06 13:15:00,1.05063,1.05089,1.05034,1.0507900000000001,1032
2023-01-06 13:30:00,1.0507900000000001,1.05097,1.04995,1.05007,1092
2023-01-06 13:45:00,1.05008,1.05015,1.04924,1.04943,1038
2023-01-06 14:00:00,1.04947,1.04966,1.04832,1.04907,1310
2023-01-06 14:15:00,1.04911,1.04944,1.04887,1.0491,971
2023-01-06 14:30:00,1.0491,1.04934,1.04866,1.04904,1220
2023-01-06 14:45:00,1.04905,1.04965,1.04879,1.04946,1331
2023-01-06 15:00:00,1.04947,1.05013,1.0489,1.04998,1720
2023-01-06 15:15:00,1.04993,1.05011,1.04944,1.04953,1956
2023-01-06 15:30:00,1.04865,1.05312,1.04865,1.0524499999999999,5698
2023-01-06 15:45:00,1.05248,1.0545,1.0521,1.05426,4569
2023-01-06 16:00:00,1.05426,1.05432,1.05268,1.05311,3312
2023-01-06 16:15:00,1.0531,1.05333,1.05188,1.05209,2737
2023-01-06 16:30:00,1.05209,1.05336,1.05024,1.05038,3368
2023-01-06 16:45:00,1.05034,1.05179,1.05011,1.05088,3069
2023-01-06 17:00:00,1.05355,1.05771,1.05242,1.05675,5695
2023-01-06 17:15:00,1.05675,1.06,1.05675,1.05816,4455
2023-01-06 17:30:00,1.05815,1.06057,1.05801,1.06007,3640
2023-01-06 17:45:00,1.06008,1.06125,1.06002,1.06019,3140
2023-01-06 18:00:00,1.06018,1.06136,1.0596700000000001,1.06055,2881
2023-01-06 18:15:00,1.06053,1.06143,1.05978,1.06044,2603
2023-01-06 18:30:00,1.06044,1.06207,1.06038,1.06169,2417
2023-01-06 18:45:00,1.06169,1.06226,1.06149,1.06187,2228
2023-01-06 19:00:00,1.06187,1.06239,1.0618,1.06198,1738
2023-01-06 19:15:00,1.06196,1.06225,1.06166,1.06224,1216
2023-01-06 19:30:00,1.06226,1.06331,1.06213,1.0633,1298
2023-01-06 19:45:00,1.0633,1.06382,1.06281,1.0637699999999999,1560
2023-01-06 20:00:00,1.06378,1.06397,1.06317,1.0635,1204
2023-01-06 20:15:00,1.06351,1.0636700000000001,1.06295,1.06348,1030
2023-01-06 20:30:00,1.06349,1.06437,1.06322,1.06427,1053
2023-01-06 20:45:00,1.06424,1.06424,1.06366,1.06378,1057
2023-01-06 21:00:00,1.06378,1.06479,1.06378,1.06436,1127
2023-01-06 21:15:00,1.06437,1.06464,1.06411,1.06442,1071
2023-01-06 21:30:00,1.06442,1.06479,1.06434,1.06456,952
2023-01-06 21:45:00,1.06457,1.06474,1.06415,1.06456,1134
2023-01-06 22:00:00,1.06456,1.06476,1.06427,1.0643,1101
2023-01-06 22:15:00,1.0643,1.0648,1.0643,1.06477,1153
2023-01-06 22:30:00,1.06475,1.06481,1.06453,1.06459,784
2023-01-06 22:45:00,1.06459,1.06474,1.06432,1.06462,1205
2023-01-06 23:00:00,1.06461,1.06461,1.0642800000000001,1.06437,598
2023-01-06 23:15:00,1.06435,1.06452,1.06429,1.06439,353
2023-01-06 23:30:00,1.06439,1.0645,1.0642800000000001,1.06431,127
2023-01-06 23:45:00,1.06432,1.06446,1.06418,1.06427,320
2023-01-09 00:00:00,1.06394,1.06397,1.06371,1.06392,90
2023-01-09 00:15:00,1.0639,1.06398,1.06382,1.06397,78
2023-01-09 00:30:00,1.06392,1.06404,1.0636,1.06392,111
2023-01-09 00:45:00,1.06392,1.06397,1.0637699999999999,1.06388,123
2023-01-09 01:00:00,1.06394,1.06476,1.06394,1.06466,364
2023-01-09 01:15:00,1.06466,1.06567,1.06454,1.0656,599
2023-01-09 01:30:00,1.0656,1.06572,1.06515,1.0654,747
2023-01-09 01:45:00,1.06542,1.06628,1.06535,1.06623,712
2023-01-09 02:00:00,1.06623,1.06675,1.06585,1.06645,1146
2023-01-09 02:15:00,1.06643,1.06646,1.06524,1.06536,791
2023-01-09 02:30:00,1.06535,1.06568,1.06523,1.06524,493
2023-01-09 02:45:00,1.06524,1.06613,1.06516,1.06612,404
2023-01-09 03:00:00,1.06613,1.06664,1.06589,1.06593,705
2023-01-09 03:15:00,1.06592,1.06639,1.06551,1.06627,1080
2023-01-09 03:30:00,1.06626,1.06697,1.06602,1.06692,953
2023-01-09 03:45:00,1.06693,1.06719,1.06664,1.06667,983
2023-01-09 04:00:00,1.06667,1.06739,1.06663,1.06734,827
2023-01-09 04:15:00,1.06731,1.06737,1.06699,1.067,703
2023-01-09 04:30:00,1.06701,1.06749,1.06691,1.0673300000000001,820
2023-01-09 04:45:00,1.0673300000000001,1.0677699999999999,1.06723,1.0677,875
2023-01-09 05:00:00,1.06769,1.06769,1.06683,1.06699,909
2023-01-09 05:15:00,1.06696,1.06725,1.0667,1.06718,882
2023-01-09 05:30:00,1.06719,1.0675,1.06695,1.06721,658
2023-01-09 05:45:00,1.06721,1.06729,1.06659,1.06675,511
2023-01-09 06:00:00,1.06673,1.06742,1.06667,1.06731,422
2023-01-09 06:15:00,1.06731,1.06761,1.06726,1.06753,331
2023-01-09 06:30:00,1.06753,1.0677,1.0674,1.06764,465
2023-01-09 06:45:00,1.06768,1.06784,1.06752,1.06766,307
2023-01-09 07:00:00,1.06765,1.06775,1.06731,1.06742,482
2023-01-09 07:15:00,1.06743,1.0681,1.06736,1.06796,530
2023-01-09 07:30:00,1.06796,1.0682,1.06761,1.0679,505
2023-01-09 07:45:00,1.06791,1.06831,1.06764,1.06772,795
2023-01-09 08:00:00,1.06772,1.06804,1.06767,1.06802,696
2023-01-09 08:15:00,1.06802,1.06863,1.0679,1.06793,737
2023-01-09 08:30:00,1.0679400000000001,1.06806,1.06756,1.06793,616
2023-01-09 08:45:00,1.0679,1.06833,1.0677,1.06818,745
2023-01-09 09:00:00,1.06819,1.06892,1.06799,1.06875,1648
2023-01-09 09:15:00,1.06876,1.06949,1.06759,1.06779,1639
2023-01-09 09:30:00,1.06779,1.06797,1.06683,1.06735,2158
2023-01-09 09:45:00,1.06736,1.06786,1.06685,1.0673300000000001,1701
2023-01-09 10:00:00,1.0673300000000001,1.06959,1.06725,1.06927,2261
2023-01-09 10:15:00,1.06922,1.0698,1.06827,1.0691,2055
2023-01-09 10:30:00,1.06909,1.06955,1.0688900000000001,1.06952,1780
2023-01-09 10:45:00,1.06953,1.06997,1.06875,1.06904,1657
2023-01-09 11:00:00,1.06904,1.06936,1.06752,1.06759,1979
2023-01-09 11:15:00,1.0676,1.06812,1.0673300000000001,1.06779,1420
2023-01-09 11:30:00,1.06779,1.06788,1.06686,1.0671,1410
2023-01-09 11:45:00,1.06709,1.06772,1.06599,1.06724,1692
2023-01-09 12:00:00,1.06727,1.06734,1.06634,1.06649,1558
2023-01-09 12:15:00,1.06649,1.06669,1.06614,1.06647,1234
2023-01-09 12:30:00,1.06647,1.06766,1.06644,1.06729,1337
2023-01-09 12:45:00,1.0673,1.06742,1.06668,1.0669,1478
2023-01-09 13:00:00,1.06693,1.06844,1.06675,1.06811,1552
2023-01-09 13:15:00,1.06809,1.0685,1.0676,1.06837,1253
2023-01-09 13:30:00,1.06841,1.06841,1.06748,1.06815,1175
2023-01-09 13:45:00,1.06815,1.06857,1.06804,1.06843,1000
2023-01-09 14:00:00,1.06839,1.0687,1.06824,1.06832,990
2023-01-09 14:15:00,1.06832,1.06888,1.06809,1.06878,1101
2023-01-09 14:30:00,1.06878,1.06929,1.06862,1.06893,1109
2023-01-09 14:45:00,1.06893,1.06937,1.06842,1.0688900000000001,1228
2023-01-09 15:00:00,1.0688900000000001,1.06977,1.06853,1.06958,1629
2023-01-09 15:15:00,1.06954,1.07226,1.0695000000000001,1.07186,2248
2023-01-09 15:30:00,1.07186,1.07319,1.07178,1.07205,2142
2023-01-09 15:45:00,1.07206,1.07264,1.07169,1.07252,2090
2023-01-09 16:00:00,1.07253,1.0732,1.07211,1.0722,1913
2023-01-09 16:15:00,1.07222,1.0723,1.07115,1.07169,1963
2023-01-09 16:30:00,1.07166,1.0722,1.07123,1.07159,2510
2023-01-09 16:45:00,1.0716,1.07383,1.07144,1.07282,2577
2023-01-09 17:00:00,1.07282,1.07398,1.07278,1.07346,2001
2023-01-09 17:15:00,1.07346,1.07462,1.07345,1.07452,2222
2023-01-09 17:30:00,1.07452,1.07492,1.07434,1.07464,2365
2023-01-09 17:45:00,1.07464,1.07493,1.074,1.07403,2191
2023-01-09 18:00:00,1.07403,1.07491,1.07402,1.07479,2121
2023-01-09 18:15:00,1.0748199999999999,1.07491,1.07437,1.07473,1698
2023-01-09 18:30:00,1.07475,1.07489,1.0745,1.07483,1489
2023-01-09 18:45:00,1.07483,1.07607,1.07439,1.07582,2181
2023-01-09 19:00:00,1.07582,1.07601,1.07463,1.07504,1728
2023-01-09 19:15:00,1.07504,1.07517,1.07399,1.07441,1525
2023-01-09 19:30:00,1.07441,1.0748,1.07418,1.07428,1413
2023-01-09 19:45:00,1.07426,1.07508,1.07419,1.07503,1198
2023-01-09 20:00:00,1.07503,1.07542,1.07461,1.0749900000000001,894
2023-01-09 20:15:00,1.07497,1.07504,1.0746,1.07493,907
2023-01-09 20:30:00,1.07493,1.07537,1.07418,1.07422,1399
2023-01-09 20:45:00,1.07423,1.0743800000000001,1.0737700000000001,1.07433,1285
2023-01-09 21:00:00,1.07431,1.0748199999999999,1.07415,1.07454,1508
2023-01-09 21:15:00,1.07453,1.075,1.07437,1.07491,1428
2023-01-09 21:30:00,1.07488,1.07519,1.07455,1.07474,1054
2023-01-09 21:45:00,1.07472,1.07529,1.0745,1.07518,923
2023-01-09 22:00:00,1.07518,1.07539,1.0742099999999999,1.07433,1534
2023-01-09 22:15:00,1.07432,1.07484,1.0743,1.07445,1372
2023-01-09 22:30:00,1.07447,1.07453,1.0737,1.07412,1494
2023-01-09 22:45:00,1.07413,1.07419,1.07305,1.07311,2008
2023-01-09 23:00:00,1.07311,1.07353,1.07309,1.07317,439
2023-01-09 23:15:00,1.07317,1.07336,1.07301,1.0733,347
2023-01-09 23:30:00,1.0733,1.07347,1.07311,1.07332,424
2023-01-09 23:45:00,1.07331,1.07339,1.07313,1.07318,456
2023-01-10 00:00:00,1.07293,1.0732,1.07243,1.07269,227
2023-01-10 00:15:00,1.07269,1.07287,1.07261,1.07284,675
2023-01-10 00:30:00,1.07287,1.0731600000000001,1.07276,1.07295,458
2023-01-10 00:45:00,1.07303,1.07315,1.07282,1.07315,435
2023-01-10 01:00:00,1.07315,1.0738,1.07272,1.07327,985
2023-01-10 01:15:00,1.07327,1.07338,1.07297,1.07319,343
2023-01-10 01:30:00,1.07319,1.07344,1.07306,1.07312,322
2023-01-10 01:45:00,1.07312,1.07353,1.07308,1.07325,183
2023-01-10 02:00:00,1.07324,1.07382,1.07274,1.07304,758
2023-01-10 02:15:00,1.07304,1.07312,1.07204,1.07229,1137
2023-01-10 02:30:00,1.07226,1.07243,1.07222,1.07226,654
2023-01-10 02:45:00,1.07227,1.07289,1.07223,1.07275,1018
2023-01-10 03:00:00,1.07274,1.07311,1.07259,1.07273,706
2023-01-10 03:15:00,1.07273,1.07371,1.07268,1.07356,639
2023-01-10 03:30:00,1.07354,1.07392,1.07335,1.07366,818
2023-01-10 03:45:00,1.07367,1.07397,1.07332,1.07362,787
2023-01-10 04:00:00,1.07362,1.0742,1.07325,1.07398,751
2023-01-10 04:15:00,1.07399,1.07425,1.07309,1.07312,647
2023-01-10 04:30:00,1.07311,1.0733,1.07212,1.07243,1223
2023-01-10 04:45:00,1.07243,1.0731600000000001,1.07231,1.07308,929
2023-01-10 05:00:00,1.07311,1.07331,1.07257,1.07273,607
2023-01-10 05:15:00,1.07274,1.07328,1.07267,1.07328,520
2023-01-10 05:30:00,1.07328,1.07343,1.07285,1.07323,608
2023-01-10 05:45:00,1.07323,1.07333,1.073,1.07324,462
2023-01-10 06:00:00,1.07325,1.07341,1.0728,1.07291,489
2023-01-10 06:15:00,1.07291,1.07313,1.07282,1.07309,337
2023-01-10 06:30:00,1.07308,1.07336,1.07294,1.07306,330
2023-01-10 06:45:00,1.07308,1.07323,1.07284,1.07307,282
2023-01-10 07:00:00,1.07307,1.07369,1.07295,1.07352,444
2023-01-10 07:15:00,1.0735,1.07416,1.07347,1.07397,663
2023-01-10 07:30:00,1.07398,1.07441,1.07388,1.07424,518
2023-01-10 07:45:00,1.07427,1.07441,1.07396,1.07427,676
2023-01-10 08:00:00,1.0743,1.07434,1.0737,1.07375,547
2023-01-10 08:15:00,1.0737700000000001,1.07406,1.07358,1.07362,569
2023-01-10 08:30:00,1.07362,1.07364,1.07312,1.07333,799
2023-01-10 08:45:00,1.07332,1.07352,1.07262,1.07341,930
2023-01-10 09:00:00,1.07346,1.07375,1.07267,1.07293,1789
2023-01-10 09:15:00,1.07292,1.07327,1.07222,1.07247,1561
2023-01-10 09:30:00,1.07246,1.0735,1.07242,1.07345,1233
2023-01-10 09:45:00,1.07345,1.07397,1.07263,1.07318,1605
2023-01-10 10:00:00,1.07318,1.07424,1.07313,1.07392,1825
2023-01-10 10:15:00,1.07392,1.07443,1.07361,1.07393,1729
2023-01-10 10:30:00,1.0739,1.07473,1.07352,1.07368,1532
2023-01-10 10:45:00,1.07369,1.07402,1.07321,1.07386,1287
2023-01-10 11:00:00,1.07385,1.07386,1.07296,1.07309,1591
2023-01-10 11:15:00,1.0731,1.07491,1.07307,1.07477,1353
2023-01-10 11:30:00,1.07477,1.07518,1.07369,1.0737,1320
2023-01-10 11:45:00,1.07371,1.07473,1.0735999999999999,1.07461,1239
2023-01-10 12:00:00,1.07461,1.07461,1.0737700000000001,1.07441,1441
2023-01-10 12:15:00,1.07439,1.07452,1.07359,1.07376,833
2023-01-10 12:30:00,1.07376,1.07392,1.07354,1.07368,1062
2023-01-10 12:45:00,1.07368,1.07389,1.07342,1.07365,1000
2023-01-10 13:00:00,1.07365,1.07426,1.07322,1.07332,1033
2023-01-10 13:15:00,1.07333,1.07415,1.07319,1.07405,950
2023-01-10 13:30:00,1.07405,1.07405,1.07353,1.07365,1111
2023-01-10 13:45:00,1.07364,1.07393,1.07339,1.07352,981
2023-01-10 14:00:00,1.0735,1.07355,1.07263,1.07272,1259
2023-01-10 14:15:00,1.07272,1.07314,1.07226,1.073,1209
2023-01-10 14:30:00,1.073,1.07306,1.07157,1.07199,1392
2023-01-10 14:45:00,1.07197,1.07208,1.07154,1.0719400000000001,1474
2023-01-10 15:00:00,1.07195,1.07242,1.07173,1.07231,1456
2023-01-10 15:15:00,1.0723,1.07235,1.07178,1.0718,1390
2023-01-10 15:30:00,1.0718,1.07203,1.07121,1.0718,1533
2023-01-10 15:45:00,1.07179,1.07254,1.07167,1.07217,1437
2023-01-10 16:00:00,1.07219,1.0747,1.07216,1.07439,3884
2023-01-10 16:15:00,1.0744,1.07511,1.07393,1.07448,2349
2023-01-10 16:30:00,1.07444,1.07593,1.07383,1.07428,3560
2023-01-10 16:45:00,1.07429,1.07452,1.0732,1.07407,2975
2023-01-10 17:00:00,1.07406,1.07532,1.07334,1.07465,2651
2023-01-10 17:15:00,1.07465,1.07504,1.07327,1.07332,2976
2023-01-10 17:30:00,1.07332,1.07342,1.07241,1.07281,2980
2023-01-10 17:45:00,1.07281,1.07325,1.07218,1.07277,3044
2023-01-10 18:00:00,1.07277,1.07365,1.07256,1.07351,2204
2023-01-10 18:15:00,1.07351,1.0742,1.07339,1.07344,2195
2023-01-10 18:30:00,1.07343,1.07389,1.07242,1.07323,2345
2023-01-10 18:45:00,1.0732,1.07376,1.07282,1.07365,1917
2023-01-10 19:00:00,1.07365,1.07367,1.07298,1.07353,1871
2023-01-10 19:15:00,1.07353,1.07415,1.07332,1.07401,1305
2023-01-10 19:30:00,1.07401,1.0743800000000001,1.07389,1.07401,1163
2023-01-10 19:45:00,1.074,1.0741,1.07308,1.07334,1211
2023-01-10 20:00:00,1.07334,1.07364,1.07314,1.07322,1241
2023-01-10 20:15:00,1.07321,1.07329,1.07279,1.0729,1023
2023-01-10 20:30:00,1.07289,1.07366,1.07275,1.07314,1153
2023-01-10 20:45:00,1.07314,1.07397,1.07308,1.0738,832
2023-01-10 21:00:00,1.07381,1.07432,1.0737700000000001,1.07411,1120
2023-01-10 21:15:00,1.07412,1.07419,1.07385,1.07398,868
2023-01-10 21:30:00,1.07398,1.07414,1.0737,1.07373,1002
2023-01-10 21:45:00,1.07374,1.07412,1.07364,1.0741,1006
2023-01-10 22:00:00,1.07409,1.0742099999999999,1.07381,1.07418,1061
2023-01-10 22:15:00,1.07418,1.07441,1.07383,1.07399,760
2023-01-10 22:30:00,1.07399,1.07427,1.07306,1.07312,759
2023-01-10 22:45:00,1.07311,1.07392,1.07306,1.07361,851
2023-01-10 23:00:00,1.07366,1.0737700000000001,1.0735,1.07359,430
2023-01-10 23:15:00,1.0735999999999999,1.07375,1.07345,1.07369,327
2023-01-10 23:30:00,1.07369,1.07376,1.07355,1.07364,263
2023-01-10 23:45:00,1.07364,1.07365,1.07318,1.07334,432
2023-01-11 00:00:00,1.07329,1.07336,1.07307,1.07324,43
2023-01-11 00:15:00,1.07323,1.07368,1.07317,1.07318,382
2023-01-11 00:30:00,1.07318,1.07356,1.07315,1.07337,491
2023-01-11 00:45:00,1.07335,1.07345,1.07324,1.07342,1959
2023-01-11 01:00:00,1.07347,1.07356,1.07315,1.07351,303
2023-01-11 01:15:00,1.0735,1.07383,1.07341,1.07358,408
2023-01-11 01:30:00,1.07358,1.07379,1.07358,1.07375,173
2023-01-11 01:45:00,1.07375,1.07389,1.07371,1.07383,178
2023-01-11 02:00:00,1.07383,1.07428,1.07375,1.07418,308
2023-01-11 02:15:00,1.07418,1.07424,1.07372,1.07375,433
2023-01-11 02:30:00,1.07376,1.07432,1.07372,1.07426,733
2023-01-11 02:45:00,1.07425,1.07451,1.07401,1.07451,608
2023-01-11 03:00:00,1.07451,1.07451,1.07306,1.07311,552
2023-01-11 03:15:00,1.07311,1.07324,1.07281,1.0729,386
2023-01-11 03:30:00,1.07289,1.07327,1.07252,1.07325,821
2023-01-11 03:45:00,1.07325,1.0734,1.07296,1.0731,470
2023-01-11 04:00:00,1.07308,1.0735,1.07283,1.07336,327
2023-01-11 04:15:00,1.07336,1.0738,1.073,1.07372,384
2023-01-11 04:30:00,1.07371,1.07376,1.07332,1.07351,350
2023-01-11 04:45:00,1.07352,1.07354,1.07267,1.07268,703
2023-01-11 05:00:00,1.07268,1.07308,1.07263,1.07305,504
2023-01-11 05:15:00,1.07304,1.07341,1.07301,1.0731,288
2023-01-11 05:30:00,1.0731,1.0734,1.07305,1.07335,324
2023-01-11 05:45:00,1.07335,1.07367,1.07324,1.07334,331
2023-01-11 06:00:00,1.0734,1.07347,1.0732,1.07337,164
2023-01-11 06:15:00,1.07335,1.07351,1.07331,1.07342,164
2023-01-11 06:30:00,1.07342,1.07394,1.07342,1.07372,262
2023-01-11 06:45:00,1.07373,1.07393,1.07355,1.07386,320
2023-01-11 07:00:00,1.07387,1.07426,1.0737,1.07422,293
2023-01-11 07:15:00,1.07422,1.07458,1.07398,1.07448,471
2023-01-11 07:30:00,1.07449,1.07532,1.07447,1.07523,646
2023-01-11 07:45:00,1.07521,1.07568,1.07468,1.07478,411
2023-01-11 08:00:00,1.0748,1.07514,1.07471,1.07498,275
2023-01-11 08:15:00,1.07496,1.07552,1.0748199999999999,1.0753,404
2023-01-11 08:30:00,1.07533,1.0755,1.07512,1.07516,451
2023-01-11 08:45:00,1.07517,1.07534,1.07459,1.07459,787
2023-01-11 09:00:00,1.07459,1.07525,1.07444,1.07487,1338
2023-01-11 09:15:00,1.07487,1.07574,1.07449,1.07571,1258
2023-01-11 09:30:00,1.07571,1.07575,1.07437,1.07472,1370
2023-01-11 09:45:00,1.07471,1.07515,1.07448,1.07469,1193
2023-01-11 10:00:00,1.07469,1.07489,1.07394,1.07425,1607
2023-01-11 10:15:00,1.07425,1.07473,1.07367,1.07378,1456
2023-01-11 10:30:00,1.07378,1.07451,1.07328,1.07444,1595
2023-01-11 10:45:00,1.07442,1.07455,1.07289,1.07298,1397
2023-01-11 11:00:00,1.07298,1.07363,1.0725500000000001,1.07349,1804
2023-01-11 11:15:00,1.07345,1.07474,1.07336,1.07464,1534
2023-01-11 11:30:00,1.07466,1.07483,1.07434,1.07443,1118
2023-01-11 11:45:00,1.07443,1.07458,1.07402,1.07417,1003
2023-01-11 12:00:00,1.07417,1.07493,1.07401,1.07436,1337
2023-01-11 12:15:00,1.07435,1.07463,1.07409,1.07436,956
2023-01-11 12:30:00,1.07434,1.07463,1.0742099999999999,1.07453,953
2023-01-11 12:45:00,1.07454,1.07513,1.07451,1.07493,941
2023-01-11 13:00:00,1.07493,1.07524,1.07462,1.07483,1102
2023-01-11 13:15:00,1.07484,1.07506,1.07436,1.07449,1003
2023-01-11 13:30:00,1.07449,1.07534,1.07437,1.07528,1066
2023-01-11 13:45:00,1.07528,1.07555,1.07463,1.07485,1296
2023-01-11 14:00:00,1.07485,1.07489,1.07356,1.0737,1082
2023-01-11 14:15:00,1.07369,1.07373,1.07282,1.07322,1430
2023-01-11 14:30:00,1.07322,1.0737,1.07308,1.07349,1096
2023-01-11 14:45:00,1.07349,1.07412,1.07323,1.07407,1230
2023-01-11 15:00:00,1.07407,1.07475,1.07393,1.0747,1099
2023-01-11 15:15:00,1.07468,1.07511,1.0743,1.07488,1136
2023-01-11 15:30:00,1.07488,1.07521,1.07428,1.07521,1281
2023-01-11 15:45:00,1.07521,1.07529,1.07466,1.0749900000000001,1488
2023-01-11 16:00:00,1.0749900000000001,1.07519,1.07451,1.07496,1562
2023-01-11 16:15:00,1.07496,1.07688,1.07489,1.07678,1667
2023-01-11 16:30:00,1.07678,1.07689,1.07548,1.07616,2571
2023-01-11 16:45:00,1.07616,1.07765,1.07615,1.07699,2266
2023-01-11 17:00:00,1.07699,1.07749,1.07602,1.07653,2462
2023-01-11 17:15:00,1.07652,1.07738,1.07619,1.07722,2299
2023-01-11 17:30:00,1.07719,1.07742,1.07701,1.07703,1835
2023-01-11 17:45:00,1.07703,1.07708,1.0752,1.0755,2146
2023-01-11 18:00:00,1.07551,1.07619,1.07506,1.07577,1865
2023-01-11 18:15:00,1.07583,1.07588,1.07496,1.07507,1402
2023-01-11 18:30:00,1.07507,1.07588,1.07503,1.07577,1013
2023-01-11 18:45:00,1.07578,1.07578,1.0737700000000001,1.07388,1084
2023-01-11 19:00:00,1.0739,1.07439,1.07364,1.07402,1317
2023-01-11 19:15:00,1.07402,1.0743800000000001,1.07381,1.07407,924
2023-01-11 19:30:00,1.07407,1.07486,1.07397,1.07424,811
2023-01-11 19:45:00,1.07422,1.07468,1.07422,1.07468,617
2023-01-11 20:00:00,1.07467,1.07671,1.07461,1.07618,864
2023-01-11 20:15:00,1.0762,1.07625,1.0735,1.07427,2305
2023-01-11 20:30:00,1.07427,1.07538,1.07422,1.07523,1277
2023-01-11 20:45:00,1.07523,1.07559,1.07477,1.07533,1007
2023-01-11 21:00:00,1.07533,1.07554,1.07513,1.07523,1018
2023-01-11 21:15:00,1.07522,1.07527,1.07477,1.07517,692
2023-01-11 21:30:00,1.07518,1.07597,1.07505,1.07577,916
2023-01-11 21:45:00,1.07577,1.07638,1.07554,1.07634,837
2023-01-11 22:00:00,1.07634,1.07634,1.07553,1.07557,772
2023-01-11 22:15:00,1.07557,1.07583,1.07546,1.07577,624
2023-01-11 22:30:00,1.07578,1.07585,1.07548,1.07577,551
2023-01-11 22:45:00,1.07578,1.07592,1.07525,1.07539,839
2023-01-11 23:00:00,1.07537,1.07559,1.07517,1.07552,450
2023-01-11 23:15:00,1.07554,1.07565,1.0754,1.07556,304
2023-01-11 23:30:00,1.07558,1.07575,1.07553,1.07571,237
2023-01-11 23:45:00,1.07571,1.0758,1.07555,1.07556,403
2023-01-12 00:00:00,1.07535,1.07541,1.0749,1.07527,39
2023-01-12 00:15:00,1.07527,1.07541,1.07505,1.07532,33
2023-01-12 00:30:00,1.07532,1.07581,1.07511,1.07552,743
2023-01-12 00:45:00,1.07552,1.07603,1.07528,1.07557,304
2023-01-12 01:00:00,1.07584,1.07652,1.0756000000000001,1.07611,705
2023-01-12 01:15:00,1.07619,1.07642,1.07578,1.07642,550
2023-01-12 01:30:00,1.07645,1.07674,1.07617,1.07659,628
2023-01-12 01:45:00,1.0766,1.07664,1.07639,1.0765500000000001,407
2023-01-12 02:00:00,1.0765500000000001,1.07714,1.07612,1.07693,838
2023-01-12 02:15:00,1.07693,1.07704,1.07646,1.07696,767
2023-01-12 02:30:00,1.07697,1.07746,1.07678,1.07708,802
2023-01-12 02:45:00,1.07711,1.07719,1.07599,1.07611,1085
2023-01-12 03:00:00,1.07612,1.07658,1.07612,1.07632,869
2023-01-12 03:15:00,1.07634,1.07671,1.0763,1.07653,679
2023-01-12 03:30:00,1.07653,1.0767,1.07605,1.07645,672
2023-01-12 03:45:00,1.07645,1.07675,1.07623,1.07667,912
2023-01-12 04:00:00,1.07667,1.07672,1.0763,1.07633,698
2023-01-12 04:15:00,1.07634,1.07654,1.07615,1.07637,420
2023-01-12 04:30:00,1.07636,1.0766499999999999,1.07626,1.07661,368
2023-01-12 04:45:00,1.07662,1.07689,1.07662,1.0767,518
2023-01-12 05:00:00,1.0767,1.07712,1.0767,1.07707,405
2023-01-12 05:15:00,1.07707,1.07707,1.07667,1.07669,430
2023-01-12 05:30:00,1.0767,1.07675,1.07649,1.0766,244
2023-01-12 05:45:00,1.07663,1.0769,1.07663,1.07686,299
2023-01-12 06:00:00,1.07686,1.07697,1.0766,1.07681,374
2023-01-12 06:15:00,1.07681,1.07701,1.07675,1.07694,243
2023-01-12 06:30:00,1.07694,1.07711,1.07689,1.07705,328
2023-01-12 06:45:00,1.07704,1.07736,1.07682,1.0771600000000001,347
2023-01-12 07:00:00,1.07718,1.07727,1.07688,1.07727,322
2023-01-12 07:15:00,1.07727,1.07752,1.07712,1.07732,539
2023-01-12 07:30:00,1.07732,1.07735,1.07684,1.07692,715
2023-01-12 07:45:00,1.07692,1.07701,1.07624,1.07628,644
2023-01-12 08:00:00,1.07628,1.0769,1.07619,1.07656,514
2023-01-12 08:15:00,1.07652,1.07652,1.07594,1.07627,751
2023-01-12 08:30:00,1.07628,1.07631,1.07593,1.0761,652
2023-01-12 08:45:00,1.0761,1.07619,1.07567,1.07574,639
2023-01-12 09:00:00,1.07571,1.076,1.07559,1.07562,1261
2023-01-12 09:15:00,1.07562,1.07628,1.07556,1.0759,1096
2023-01-12 09:30:00,1.07591,1.07651,1.07586,1.07607,830
2023-01-12 09:45:00,1.07607,1.07652,1.07558,1.07627,1283
2023-01-12 10:00:00,1.07626,1.07647,1.07551,1.07558,1378
2023-01-12 10:15:00,1.07559,1.07583,1.07469,1.07483,1305
2023-01-12 10:30:00,1.07483,1.07567,1.07479,1.07508,1202
2023-01-12 10:45:00,1.07507,1.07529,1.07455,1.07481,1216
2023-01-12 11:00:00,1.07478,1.07549,1.07427,1.07548,1465
2023-01-12 11:15:00,1.07548,1.07676,1.07548,1.07668,1648
2023-01-12 11:30:00,1.07667,1.07735,1.07634,1.07663,1654
2023-01-12 11:45:00,1.07663,1.07712,1.07653,1.0765500000000001,1599
2023-01-12 12:00:00,1.07654,1.07685,1.07599,1.07614,1509
2023-01-12 12:15:00,1.07615,1.07629,1.07518,1.07569,1107
2023-01-12 12:30:00,1.07569,1.07617,1.07518,1.07609,1220
2023-01-12 12:45:00,1.07609,1.07677,1.07605,1.07625,1137
2023-01-12 13:00:00,1.07625,1.07646,1.07593,1.07643,821
2023-01-12 13:15:00,1.07647,1.07667,1.07592,1.07633,871
2023-01-12 13:30:00,1.07633,1.07649,1.07591,1.07611,1018
2023-01-12 13:45:00,1.07612,1.07659,1.07591,1.07617,1109
2023-01-12 14:00:00,1.07618,1.07648,1.07592,1.07637,1087
2023-01-12 14:15:00,1.07637,1.07667,1.07614,1.07651,1142
2023-01-12 14:30:00,1.07649,1.0766,1.07572,1.07578,1207
2023-01-12 14:45:00,1.07578,1.07642,1.07549,1.07629,1341
2023-01-12 15:00:00,1.07628,1.0772,1.07621,1.07717,1676
2023-01-12 15:15:00,1.07717,1.08127,1.07658,1.07804,2213
2023-01-12 15:30:00,1.07786,1.08156,1.07302,1.07696,6406
2023-01-12 15:45:00,1.07696,1.08386,1.0769,1.08291,6287
2023-01-12 16:00:00,1.08291,1.08337,1.07949,1.07972,3989
2023-01-12 16:15:00,1.07972,1.08194,1.07879,1.08144,3478
2023-01-12 16:30:00,1.08145,1.08254,1.0784,1.07864,5144
2023-01-12 16:45:00,1.07855,1.07951,1.07515,1.07677,4822
2023-01-12 17:00:00,1.07677,1.08016,1.07637,1.0794,4841
2023-01-12 17:15:00,1.07937,1.0803,1.07866,1.07965,4301
2023-01-12 17:30:00,1.07964,1.08092,1.07849,1.07998,3882
2023-01-12 17:45:00,1.07998,1.08097,1.07919,1.0807,4351
2023-01-12 18:00:00,1.08069,1.08139,1.08025,1.08137,3270
2023-01-12 18:15:00,1.08138,1.08178,1.08106,1.0814300000000001,2974
2023-01-12 18:30:00,1.08144,1.08177,1.08069,1.08171,2892
2023-01-12 18:45:00,1.08171,1.0826,1.08141,1.08225,2601
2023-01-12 19:00:00,1.08226,1.08313,1.08214,1.08294,2203
2023-01-12 19:15:00,1.08294,1.08356,1.08259,1.08318,1883
2023-01-12 19:30:00,1.08319,1.08427,1.08268,1.0836,2271
2023-01-12 19:45:00,1.08358,1.0849,1.08344,1.08487,1698
2023-01-12 20:00:00,1.08487,1.0867,1.0848200000000001,1.08633,2475
2023-01-12 20:15:00,1.08633,1.08663,1.08465,1.08497,2038
2023-01-12 20:30:00,1.08497,1.08566,1.08463,1.08558,2035
2023-01-12 20:45:00,1.08559,1.08603,1.08542,1.08557,1649
2023-01-12 21:00:00,1.08557,1.08561,1.08477,1.08504,1831
2023-01-12 21:15:00,1.08504,1.08512,1.08403,1.08408,1474
2023-01-12 21:30:00,1.08407,1.08464,1.08397,1.08442,1379
2023-01-12 21:45:00,1.08441,1.08504,1.08412,1.08494,1498
2023-01-12 22:00:00,1.08493,1.08494,1.08413,1.08443,1537
2023-01-12 22:15:00,1.08443,1.08496,1.08442,1.08469,1327
2023-01-12 22:30:00,1.08467,1.08502,1.08467,1.08483,892
2023-01-12 22:45:00,1.08483,1.08524,1.08458,1.08522,1304
2023-01-12 23:00:00,1.08523,1.08545,1.08503,1.08521,439
2023-01-12 23:15:00,1.08521,1.08551,1.08512,1.08537,415
2023-01-12 23:30:00,1.08536,1.08546,1.08491,1.08494,310
2023-01-12 23:45:00,1.08489,1.08525,1.08488,1.08515,464
2023-01-13 00:00:00,1.08497,1.08497,1.08385,1.08476,52
2023-01-13 00:15:00,1.08486,1.08495,1.08436,1.0847,46
2023-01-13 00:30:00,1.0847,1.08485,1.08469,1.08475,384
2023-01-13 00:45:00,1.08476,1.08497,1.08462,1.08465,122
2023-01-13 01:00:00,1.08464,1.08524,1.08452,1.08488,697
2023-01-13 01:15:00,1.08489,1.08596,1.08488,1.08578,904
2023-01-13 01:30:00,1.08579,1.08589,1.08539,1.08583,478
2023-01-13 01:45:00,1.08583,1.08599,1.08576,1.08597,463
2023-01-13 02:00:00,1.08595,1.08602,1.08575,1.08592,873
2023-01-13 02:15:00,1.08591,1.08678,1.08582,1.08641,1099
2023-01-13 02:30:00,1.08641,1.08649,1.0855299999999999,1.0856,1278
2023-01-13 02:45:00,1.08558,1.08564,1.08511,1.08522,918
2023-01-13 03:00:00,1.08522,1.08547,1.08493,1.08536,749
2023-01-13 03:15:00,1.08534,1.08537,1.08457,1.08508,951
2023-01-13 03:30:00,1.08507,1.08544,1.08455,1.08541,802
2023-01-13 03:45:00,1.08541,1.08562,1.08497,1.08554,718
2023-01-13 04:00:00,1.08555,1.08563,1.08415,1.08424,767
2023-01-13 04:15:00,1.08424,1.08424,1.08314,1.08378,944
2023-01-13 04:30:00,1.08378,1.08463,1.08367,1.08461,974
2023-01-13 04:45:00,1.08461,1.08481,1.08424,1.08445,1033
2023-01-13 05:00:00,1.08449,1.08475,1.08433,1.08457,773
2023-01-13 05:15:00,1.08457,1.08457,1.08421,1.0845,472
2023-01-13 05:30:00,1.0845,1.08456,1.0843,1.08435,265
2023-01-13 05:45:00,1.08433,1.0846,1.08414,1.08454,344
2023-01-13 06:00:00,1.08454,1.08462,1.08399,1.08409,344
2023-01-13 06:15:00,1.08408,1.08446,1.08395,1.08439,455
2023-01-13 06:30:00,1.08436,1.08463,1.08427,1.08444,238
2023-01-13 06:45:00,1.08444,1.08444,1.08376,1.08397,389
2023-01-13 07:00:00,1.08398,1.08427,1.08393,1.08416,568
2023-01-13 07:15:00,1.08414,1.08435,1.08349,1.08352,410
2023-01-13 07:30:00,1.08351,1.08369,1.08319,1.08366,488
2023-01-13 07:45:00,1.08367,1.08382,1.08325,1.08372,833
2023-01-13 08:00:00,1.08372,1.08403,1.08359,1.08376,635
2023-01-13 08:15:00,1.08376,1.08433,1.08337,1.08393,844
2023-01-13 08:30:00,1.08392,1.08499,1.08384,1.08483,908
2023-01-13 08:45:00,1.08481,1.0851,1.08444,1.08451,1131
2023-01-13 09:00:00,1.08453,1.08485,1.08407,1.08424,1459
2023-01-13 09:15:00,1.08424,1.0844,1.08332,1.08358,1209
2023-01-13 09:30:00,1.08358,1.08429,1.08339,1.08408,1491
2023-01-13 09:45:00,1.08408,1.08489,1.08386,1.08489,1967
2023-01-13 10:00:00,1.08488,1.08587,1.08371,1.08525,2663
2023-01-13 10:15:00,1.08525,1.08534,1.08434,1.08498,1979
2023-01-13 10:30:00,1.08498,1.08622,1.08461,1.08584,2106
2023-01-13 10:45:00,1.08584,1.08645,1.08538,1.08554,1908
2023-01-13 11:00:00,1.08554,1.08603,1.08499,1.08582,1719
2023-01-13 11:15:00,1.08581,1.08598,1.08371,1.08382,1763
2023-01-13 11:30:00,1.08381,1.08408,1.08333,1.08358,1502
2023-01-13 11:45:00,1.08358,1.08444,1.08353,1.08426,1424
2023-01-13 12:00:00,1.08425,1.08518,1.08421,1.08506,1331
2023-01-13 12:15:00,1.08507,1.08517,1.08434,1.08441,1169
2023-01-13 12:30:00,1.08442,1.0847,1.08396,1.08412,1059
2023-01-13 12:45:00,1.08411,1.08472,1.08372,1.08452,1275
2023-01-13 13:00:00,1.08453,1.08458,1.08281,1.08299,1612
2023-01-13 13:15:00,1.083,1.08324,1.08125,1.08149,1483
2023-01-13 13:30:00,1.08149,1.08152,1.08084,1.08134,1549
2023-01-13 13:45:00,1.08134,1.08147,1.08099,1.08121,1719
2023-01-13 14:00:00,1.08121,1.0816,1.08071,1.08103,1279
2023-01-13 14:15:00,1.08103,1.08151,1.08085,1.08105,1469
2023-01-13 14:30:00,1.08107,1.08109,1.08034,1.08078,1478
2023-01-13 14:45:00,1.08081,1.0812599999999999,1.08034,1.08119,1583
2023-01-13 15:00:00,1.0812,1.08152,1.08084,1.08134,1858
2023-01-13 15:15:00,1.08135,1.08203,1.08104,1.08203,1884
2023-01-13 15:30:00,1.08201,1.08202,1.08034,1.0805,2094
2023-01-13 15:45:00,1.08049,1.08078,1.07926,1.07937,2374
2023-01-13 16:00:00,1.07938,1.08059,1.07805,1.08031,2399
2023-01-13 16:15:00,1.08032,1.08043,1.07943,1.08018,1876
2023-01-13 16:30:00,1.08018,1.08057,1.07961,1.08022,2785
2023-01-13 16:45:00,1.0802,1.08202,1.0799,1.08181,2593
2023-01-13 17:00:00,1.08173,1.0832600000000001,1.08122,1.08274,3227
2023-01-13 17:15:00,1.08275,1.08321,1.08242,1.0826,2555
2023-01-13 17:30:00,1.08261,1.08303,1.08177,1.08256,2280
2023-01-13 17:45:00,1.08255,1.08388,1.08215,1.08296,2616
2023-01-13 18:00:00,1.08294,1.08336,1.08122,1.08141,2267
2023-01-13 18:15:00,1.08141,1.08244,1.08091,1.0818699999999999,1782
2023-01-13 18:30:00,1.0818699999999999,1.08193,1.08033,1.08054,1994
2023-01-13 18:45:00,1.08054,1.08123,1.08012,1.08102,1786
2023-01-13 19:00:00,1.08102,1.08176,1.08067,1.08167,1242
2023-01-13 19:15:00,1.08167,1.08254,1.08161,1.08242,1239
2023-01-13 19:30:00,1.08242,1.08257,1.08214,1.08244,1086
2023-01-13 19:45:00,1.08244,1.08318,1.08244,1.08283,1270
2023-01-13 20:00:00,1.08283,1.08307,1.08241,1.0826,935
2023-01-13 20:15:00,1.08261,1.08267,1.08182,1.08193,795
2023-01-13 20:30:00,1.08194,1.083,1.0819,1.08278,912
2023-01-13 20:45:00,1.08278,1.08346,1.08267,1.08312,787
2023-01-13 21:00:00,1.08312,1.08343,1.08289,1.08343,798
2023-01-13 21:15:00,1.08343,1.08352,1.08269,1.08327,923
2023-01-13 21:30:00,1.08327,1.08353,1.08275,1.08276,685
2023-01-13 21:45:00,1.08277,1.083,1.08267,1.08293,864
2023-01-13 22:00:00,1.08293,1.08307,1.08271,1.08292,768
2023-01-13 22:15:00,1.08292,1.08306,1.08275,1.08297,710
2023-01-13 22:30:00,1.08297,1.0832600000000001,1.08294,1.08323,776
2023-01-13 22:45:00,1.08323,1.08358,1.08313,1.08325,820
2023-01-13 23:00:00,1.08329,1.08335,1.08301,1.0832,406
2023-01-13 23:15:00,1.0832,1.08345,1.08307,1.08335,459
2023-01-13 23:30:00,1.08332,1.08333,1.08285,1.08303,233
2023-01-13 23:45:00,1.08303,1.08327,1.08298,1.08323,230
